iter	RMSE
<<<<<<< Updated upstream
0	4.489817082
1	4.059230101
2	3.672748189
3	3.327039655
4	3.012632111
5	2.729039112
6	2.472980126
7	2.242294943
8	2.033954594
9	1.847203918
10	1.679085479
11	1.528937037
12	1.392872338
13	1.271345413
14	1.162439253
15	1.06458857
16	0.9768211722
17	0.8990585871
18	0.8286258858
19	0.7669318623
20	0.7109328577
21	0.6619148978
22	0.6175488155
23	0.578451541
24	0.544125869
25	0.5143361634
26	0.4875410432
27	0.4635783563
28	0.4426417046
29	0.4242410436
30	0.4086259445
31	0.3946892087
32	0.3830461126
33	0.3722371358
34	0.3630140299
35	0.3549365782
36	0.3475849641
37	0.3416322523
38	0.3340729451
39	0.3285347489
40	0.3230927231
41	0.3189475943
42	0.314957447
43	0.3108461916
44	0.3075816156
45	0.304663449
46	0.3013311801
47	0.2989091365
48	0.2953589919
49	0.2921384036
50	0.2895488648
51	0.2875612338
52	0.2851075424
53	0.2821402774
54	0.280042694
55	0.2780456762
56	0.2763943942
57	0.2744423591
58	0.2726411123
59	0.2712303576
60	0.2697301615
61	0.2672639006
62	0.2652916958
63	0.2636648354
64	0.2625983258
65	0.2612598296
66	0.2596305174
67	0.258318131
68	0.2570680166
69	0.2555878673
70	0.2540493551
71	0.2530080545
72	0.2517510296
73	0.2508841955
74	0.2493013416
75	0.2481544214
76	0.2472314501
77	0.2464347021
78	0.2454590103
79	0.2441787048
80	0.2432050933
81	0.2420649924
82	0.2410341892
83	0.2397920862
84	0.2389786456
85	0.2378733855
86	0.2367239234
87	0.236106148
88	0.2355086803
89	0.2344552158
90	0.2333571291
91	0.2325759211
92	0.2314443827
93	0.2297723626
94	0.2289684284
95	0.2280951951
96	0.2272821137
97	0.2262045231
98	0.2250600724
99	0.2240256009
100	0.2231686271
101	0.2221517653
102	0.2215760522
103	0.2209275374
104	0.2200419547
105	0.218776618
106	0.2179946958
107	0.2171966559
108	0.2164712097
109	0.2153326385
110	0.2145608172
111	0.2140346726
112	0.2129601702
113	0.2121484766
114	0.2114177436
115	0.2108223291
116	0.2103489455
117	0.2097867458
118	0.2091261199
119	0.2084259957
120	0.2076074332
121	0.2071458569
122	0.2064796815
123	0.2058962624
124	0.2050732832
125	0.2043660897
126	0.203636396
127	0.2028497723
128	0.2023124537
129	0.201759152
130	0.201063478
131	0.2006227497
132	0.2001413073
133	0.1992502632
134	0.1985420525
135	0.1978508583
136	0.1972515753
137	0.1966385413
138	0.1961461754
139	0.1956909361
140	0.1951838252
141	0.1947131329
142	0.1940849668
143	0.1934921379
144	0.1929448001
145	0.1925181419
146	0.1920065557
147	0.1911863297
148	0.1903504115
149	0.1896868414
150	0.189344726
151	0.1882780099
152	0.1877984358
153	0.1873851727
154	0.1866144119
155	0.1860996532
156	0.1856575498
157	0.1852159007
158	0.1844774296
159	0.1839884035
160	0.1837433885
161	0.1833990144
162	0.1822901819
163	0.1818248098
164	0.1813181497
165	0.1808921844
166	0.1805238709
167	0.1797382444
168	0.1791187687
169	0.1788318754
170	0.1784267229
171	0.1779246049
172	0.177194971
173	0.1769119887
174	0.1764700374
175	0.1759720742
176	0.1755243893
177	0.1750913998
178	0.1747970594
179	0.174515996
180	0.1739005707
181	0.1729932137
182	0.1726364514
183	0.1721613845
184	0.1716344027
185	0.1710668977
186	0.170749796
187	0.1704318502
188	0.1697762046
189	0.1691921938
190	0.168696261
191	0.1683689112
192	0.1678991581
193	0.1676420011
194	0.1673116633
195	0.1669230616
196	0.1665469587
197	0.1662644857
198	0.1657657502
199	0.1655220165
200	0.1650743087
201	0.1647245312
202	0.1643996604
203	0.1640552962
204	0.16377707
205	0.1635016877
206	0.1632465243
207	0.1629455178
208	0.1627055919
209	0.1622968119
210	0.1617865125
211	0.1615106401
212	0.1611570068
213	0.1608207898
214	0.1603189091
215	0.1598804712
216	0.1595269778
217	0.1590266744
218	0.1588295969
219	0.158553845
220	0.1582638062
221	0.1578808648
222	0.1575645464
223	0.1573192804
224	0.1570533474
225	0.156746184
226	0.1564836
227	0.156230696
228	0.1560076625
229	0.155810599
230	0.1555962894
231	0.1554201813
232	0.1551568264
233	0.1548910084
234	0.154621797
235	0.1543831672
236	0.1537862305
237	0.153597592
238	0.1533025241
239	0.1529613339
240	0.1524575015
241	0.1523149035
242	0.1520654067
243	0.1514777304
244	0.1512206388
245	0.1509667082
246	0.1506410144
247	0.1504323465
248	0.1499407239
249	0.1494974184
250	0.1489940165
251	0.1487154978
252	0.148398112
253	0.1482277931
254	0.1480222395
255	0.1478960318
256	0.1477370853
257	0.1475170038
258	0.1472714623
259	0.1469374165
260	0.146603967
261	0.1462877483
262	0.146125993
263	0.1458198018
264	0.1455776447
265	0.1453583496
266	0.1449153682
267	0.1446222188
268	0.1443708218
269	0.1440977641
270	0.1439299906
271	0.1436637597
272	0.1434887656
273	0.1432949162
274	0.1431264444
275	0.1428688763
276	0.1426321337
277	0.1422115027
278	0.142041764
279	0.1418231138
280	0.1416409413
281	0.141171052
282	0.1409611758
283	0.1405414276
284	0.1403680662
285	0.1401094118
286	0.1399290331
287	0.1395896595
288	0.1394008066
289	0.1391362563
290	0.1388788246
291	0.1386677527
292	0.1384409009
293	0.1381189519
294	0.137846032
295	0.1376479568
296	0.1374637913
297	0.1372884384
298	0.1370171929
299	0.1368647809
300	0.1365580003
301	0.1363152037
302	0.1361232964
303	0.1359420852
304	0.1357258594
305	0.1355375712
306	0.1354202378
307	0.1351533989
308	0.1348685248
309	0.1347139412
310	0.1345806947
311	0.1344069655
312	0.1342656933
313	0.133919052
314	0.1337715682
315	0.1334198772
316	0.1332900399
317	0.1331074924
318	0.1329455278
319	0.1326352382
320	0.1324794391
321	0.1322549976
322	0.1321279513
323	0.1319751613
324	0.1317322741
325	0.1314354626
326	0.1311859487
327	0.1310016756
328	0.1308496327
329	0.1307160098
330	0.1305934074
331	0.130352557
332	0.1300213369
333	0.129707515
334	0.1295346369
335	0.129394866
336	0.1291120851
337	0.1290039381
338	0.1288494176
339	0.1286930121
340	0.1285364636
341	0.1283284618
342	0.1281725092
343	0.1279263416
344	0.127695837
345	0.1274897537
346	0.1272779769
347	0.1270407118
348	0.1269416844
349	0.1267677881
350	0.1266753715
351	0.1265572932
352	0.126369991
353	0.1262097361
354	0.1260328843
355	0.1258926534
356	0.1256551184
357	0.1255531871
358	0.1253800299
359	0.1252040574
360	0.1248438917
361	0.1246601568
362	0.124496579
363	0.1242905023
364	0.1240430886
365	0.1238174761
366	0.1237443836
367	0.1235183065
368	0.1233374487
369	0.12321566
370	0.1230760483
371	0.1228869101
372	0.1227883653
373	0.1226517083
374	0.1224352917
375	0.1222220236
376	0.1220800629
377	0.1219653806
378	0.1217920711
379	0.1216593078
380	0.1214122373
381	0.1211999043
382	0.1210963089
383	0.1208709752
384	0.1206798223
385	0.1204896563
386	0.120219274
387	0.1201175211
388	0.11991586
389	0.1198088814
390	0.1196708463
391	0.119487664
392	0.1193797443
393	0.1192012129
394	0.1190254293
395	0.1188833709
396	0.1187822796
397	0.1185922678
398	0.1184602705
399	0.118283232
400	0.1181234775
401	0.1179492278
402	0.1178024351
403	0.117716361
404	0.1175881679
405	0.1174428559
406	0.1172733318
407	0.1171298586
408	0.117042387
409	0.1169247142
410	0.1167934263
411	0.1166949926
412	0.1165616064
413	0.1163764277
414	0.1162321922
415	0.1161116085
416	0.1160237324
417	0.1159717764
418	0.1158779433
419	0.1157789436
420	0.1156540301
421	0.1154731661
422	0.1151835023
423	0.1150360915
424	0.1149605502
425	0.114827487
426	0.1147014746
427	0.1145982763
428	0.1145036471
429	0.1143986659
430	0.1142965475
431	0.1141580545
432	0.1139784024
433	0.1137974172
434	0.1136844528
435	0.1135128462
436	0.1133283306
437	0.1132282642
438	0.113155697
439	0.1130798256
440	0.1129353581
441	0.1128403494
442	0.1127435402
443	0.1126226343
444	0.1125004759
445	0.1123397618
446	0.1121399874
447	0.1120704158
448	0.1117083087
449	0.1115860835
450	0.111516443
451	0.1113366145
452	0.111163828
453	0.1109916287
454	0.110906945
455	0.110787676
456	0.1107047003
457	0.1106083072
458	0.1105213701
459	0.1103868033
460	0.1102909689
461	0.1102199309
462	0.1101440833
463	0.1100250255
464	0.1098165596
465	0.1096092811
466	0.1094804247
467	0.1093942521
468	0.1092448394
469	0.1091182302
470	0.108993301
471	0.1088702357
472	0.1087649683
473	0.1086792347
474	0.1085212159
475	0.108450611
476	0.1082935924
477	0.1082310693
478	0.1080891978
479	0.1080408586
480	0.107956402
481	0.1078610992
482	0.1077848668
483	0.1076312233
484	0.1075115146
485	0.1074381623
486	0.107383954
487	0.1072605986
488	0.1071813092
489	0.1071206504
490	0.1070310537
491	0.1069466628
492	0.1068653344
493	0.1067347638
494	0.1066702915
495	0.1065654847
496	0.1064169698
497	0.1062638592
498	0.1061615599
499	0.1060513164
500	0.105931815
501	0.1058214017
502	0.1056294692
503	0.1055139301
504	0.1054618151
505	0.1053521053
506	0.1052652286
507	0.1051529718
508	0.1050524619
509	0.104977155
510	0.1048802555
511	0.1047751237
512	0.1046320201
513	0.1045602914
514	0.1044288627
515	0.1043050552
516	0.1042332507
517	0.1041519581
518	0.1040754078
519	0.1040023761
520	0.1039141332
521	0.103828283
522	0.1037029709
523	0.1036384672
524	0.1035156556
525	0.1034425628
526	0.103381233
527	0.1033156746
528	0.1031762622
529	0.103068046
530	0.1029366059
531	0.1027765687
532	0.1026823719
533	0.1025932015
534	0.1025434387
535	0.102398962
536	0.1022619432
537	0.1021371549
538	0.102094443
539	0.1020023415
540	0.1018800541
541	0.1018256191
542	0.1017643056
543	0.101668492
544	0.1015698724
545	0.101456524
546	0.1013572321
547	0.1012633134
548	0.1011924253
549	0.101049525
550	0.1009080577
551	0.1008112036
552	0.1007236036
553	0.100621739
554	0.1005711781
555	0.1004844087
556	0.100421118
557	0.1003200516
558	0.100226006
559	0.1001558176
560	0.100050429
561	0.09998537377
562	0.09992333087
563	0.09985837094
564	0.09978697617
565	0.09972837859
566	0.09963443221
567	0.09955325131
568	0.0994749913
569	0.09942164667
570	0.0993524145
571	0.09930145905
572	0.09922995947
573	0.09918076228
574	0.09904893648
575	0.0989693203
576	0.09891020571
577	0.09879840132
578	0.09867406119
579	0.09854387752
580	0.09844170092
581	0.09836937739
582	0.09827584116
583	0.09814915467
584	0.0980544235
585	0.09799451998
586	0.09791890642
587	0.09785292496
588	0.09776418733
589	0.09765456503
590	0.09758676206
591	0.09752921277
592	0.0974574648
593	0.09722862215
594	0.09717847961
595	0.0971115478
596	0.09704102949
597	0.09693233575
598	0.09682485782
599	0.09673889456
600	0.09660269813
601	0.09654901499
602	0.0964729056
603	0.0964371087
604	0.09633409225
605	0.09625886504
606	0.09617482124
607	0.09608846813
608	0.09602878493
609	0.09597343896
610	0.09592925361
611	0.09586822734
612	0.09579387214
613	0.09572535144
614	0.09564086886
615	0.09549691991
616	0.09543305495
617	0.09535144554
618	0.09523466112
619	0.09514854364
620	0.09511092245
621	0.09503685752
622	0.09498445561
623	0.0949342905
624	0.09487618531
625	0.09477006041
626	0.09473479408
627	0.09466988566
628	0.0945904202
629	0.09451795864
630	0.09442009474
631	0.09434723303
632	0.09429553805
633	0.09419285106
634	0.09410591918
635	0.09403284541
636	0.09397904138
637	0.09388973547
638	0.09381060512
639	0.09371536693
640	0.09362444073
641	0.09355081287
642	0.09347015768
643	0.09341861208
644	0.09337570553
645	0.09330306389
646	0.09319609579
647	0.09313453691
648	0.09304822376
649	0.0929915958
650	0.09291447876
651	0.09284508779
652	0.09279824885
653	0.09271533305
654	0.09262506047
655	0.09256696824
656	0.09249098616
657	0.09240022547
658	0.09234032481
659	0.09225480613
660	0.0922013889
661	0.09213657209
662	0.09208449494
663	0.09202199209
664	0.09191869613
665	0.09180868703
666	0.09170947561
667	0.09162611631
668	0.09156888175
669	0.09146477813
670	0.09138420691
671	0.09132039547
672	0.09124988777
673	0.09115731325
674	0.09108483268
675	0.09098306196
676	0.09091776823
677	0.09085270716
678	0.0907954455
679	0.09072986942
680	0.0906489379
681	0.09059799056
682	0.0905471341
683	0.09048421439
684	0.09043365084
685	0.09037027193
686	0.09030158131
687	0.09024972063
688	0.09016797449
689	0.0900895553
690	0.08998874928
691	0.08992526027
692	0.08980325154
693	0.0897601302
694	0.08971036275
695	0.08965574453
696	0.08961948834
697	0.08952894993
698	0.08948526861
699	0.08943434229
700	0.08935337112
701	0.08929642984
702	0.08925446332
703	0.08919435582
704	0.08910619221
705	0.08902408065
706	0.08896847496
707	0.08891170785
708	0.08885586936
709	0.08877840172
710	0.08870526853
711	0.08867430918
712	0.08860661765
713	0.08856419407
714	0.08851506586
715	0.08848134725
716	0.08842058661
717	0.08835446316
718	0.08826756985
719	0.08818174204
720	0.08811894115
721	0.08806420318
722	0.08799076437
723	0.08794446614
724	0.08788618191
725	0.0878061978
726	0.08773248766
727	0.08768497821
728	0.08760782676
729	0.08754260172
730	0.08749327262
731	0.0873919987
732	0.08734534965
733	0.08729170086
734	0.0872228644
735	0.08716616188
736	0.08711073079
737	0.08705184134
738	0.08697913653
739	0.08689054905
740	0.08685477983
741	0.08678136098
742	0.08673792516
743	0.08669611553
744	0.08663155679
745	0.08659773851
746	0.08652831397
747	0.08646809238
748	0.08643511359
749	0.08635697718
750	0.08632644138
751	0.08627782244
752	0.08620401936
753	0.08616731869
754	0.08612820876
755	0.08605119835
756	0.08601929813
757	0.08597333256
758	0.08592846478
759	0.08586650707
760	0.08582892627
761	0.08578219011
762	0.08573347
763	0.08570729696
764	0.08565600516
765	0.08561011082
766	0.08555253713
767	0.08549296897
768	0.08542590498
769	0.08537199312
770	0.0853234297
771	0.08526454116
772	0.08521902652
773	0.08514508909
774	0.08509638902
775	0.08502423268
776	0.08499118575
777	0.08494923732
778	0.08490535866
779	0.08486562271
780	0.08481778562
781	0.08476027536
782	0.08471160812
783	0.08465763003
784	0.08460485307
785	0.08456593758
786	0.08450841132
787	0.08445979515
788	0.08439031472
789	0.08433457594
790	0.08429398328
791	0.08424246825
792	0.08419660457
793	0.08411635397
794	0.08407089916
795	0.08402377931
796	0.08398214517
797	0.08392016408
798	0.08385986397
799	0.08382250154
800	0.0837754984
801	0.0837394685
802	0.083689817
803	0.08361910731
804	0.08358955059
805	0.08353129751
806	0.08350495555
807	0.08345876775
808	0.08340434697
809	0.08335702003
810	0.08330922174
811	0.08326266002
812	0.08321754455
813	0.08318386548
814	0.08313566992
815	0.08308420932
816	0.08303052593
817	0.08297405934
818	0.08294566861
819	0.08291565184
820	0.08288475345
821	0.08281270749
822	0.0827891522
823	0.08274492138
824	0.08271882464
825	0.08265369301
826	0.08261455279
827	0.08257191023
828	0.08253501119
829	0.08247901976
830	0.08245084415
831	0.08238735012
832	0.08235235484
833	0.08227571015
834	0.08222733252
835	0.08218776355
836	0.08213726501
837	0.08205761143
838	0.08202309469
839	0.08198335232
840	0.08195303618
841	0.08188768653
842	0.08184429317
843	0.08179979196
844	0.08169431756
845	0.08165473636
846	0.08162727524
847	0.08153941896
848	0.08150449693
849	0.08143865609
850	0.08137786291
851	0.08132530917
852	0.08128652527
853	0.08118998093
854	0.08113786724
855	0.08110470239
856	0.08106517788
857	0.0810169976
858	0.08097878556
859	0.08093917391
860	0.08090736237
861	0.0808838094
862	0.0808254826
863	0.08072636504
864	0.08070330225
865	0.08066526906
866	0.08060905416
867	0.0805801497
868	0.08052735314
869	0.08049008796
870	0.08043463281
871	0.08039448251
872	0.08034165337
873	0.08026202
874	0.08020033202
875	0.08016380636
876	0.08012733362
877	0.08006708945
878	0.08002158565
879	0.07997220651
880	0.07985551051
881	0.07982265771
882	0.07979019038
883	0.079755962
884	0.07971166851
885	0.07963477535
886	0.07957921478
887	0.07955303899
888	0.07949961404
889	0.07946105668
890	0.07942078157
891	0.07935217501
892	0.07930006002
893	0.07923714701
894	0.07918712617
895	0.07914576103
896	0.07910106666
897	0.0790680574
898	0.07899480938
899	0.07896066357
900	0.07893547798
901	0.07890704213
902	0.07885255075
903	0.07881044348
904	0.07874304199
905	0.07871027831
906	0.07866770382
907	0.0785943859
908	0.0785300488
909	0.07848368564
910	0.07845362375
911	0.07841471391
912	0.0783727751
913	0.07831201851
914	0.07828454485
915	0.07822465311
916	0.07819629672
917	0.0781506362
918	0.07811005475
919	0.07806991778
920	0.07803795279
921	0.07800149824
922	0.07796517977
923	0.0779261312
924	0.0778975155
925	0.07784805828
926	0.07782253952
927	0.0777612339
928	0.07773028471
929	0.07770933044
930	0.0776754614
931	0.07760819825
932	0.07755982083
933	0.07752606697
934	0.07749778715
935	0.07747064711
936	0.07744675464
937	0.07741320303
938	0.07737642482
939	0.07732751504
940	0.07728952295
941	0.07726453294
942	0.07722172725
943	0.0772017598
944	0.07715907594
945	0.07713544544
946	0.07710946885
947	0.07703452913
948	0.07699167516
949	0.07696972736
950	0.07693200477
951	0.0768984818
952	0.07684406235
953	0.07679772526
954	0.07677104502
955	0.07673604872
956	0.07669388646
957	0.07665456489
958	0.0766371848
959	0.07661845702
960	0.07657416684
961	0.07653077517
962	0.07648413279
963	0.07643620606
964	0.07640468273
965	0.07636369461
966	0.07633098064
967	0.07629323057
968	0.07625595687
969	0.07619174001
970	0.07616538361
971	0.07612697082
972	0.07610151559
973	0.07604523184
974	0.07600260262
975	0.07597000084
976	0.07593792738
977	0.07587992524
978	0.07584300774
979	0.07580818039
980	0.07577534467
981	0.07574444097
982	0.0757079116
983	0.07566454174
984	0.07564021128
985	0.07558973085
986	0.07554663561
987	0.07552420913
988	0.07547510205
989	0.07543904007
990	0.07541930139
991	0.07533679684
992	0.07530796796
993	0.07527328504
994	0.07523661777
995	0.07518873925
996	0.07512923325
997	0.07511123916
998	0.07509283409
999	0.07506116432
1000	0.07498833221
1001	0.0749473022
1002	0.07491596343
1003	0.07488099279
1004	0.07484244326
1005	0.07477646851
1006	0.07472356093
1007	0.07468570076
1008	0.07464760846
1009	0.07460664073
1010	0.07458772952
1011	0.07456567787
1012	0.07452792716
1013	0.07449541415
1014	0.07445969829
1015	0.0744221321
1016	0.07439212375
1017	0.07434211341
1018	0.0743134852
1019	0.07427322708
1020	0.0742282628
1021	0.0741998434
1022	0.07416282455
1023	0.07414340337
1024	0.07410113259
1025	0.07407427616
1026	0.074029111
1027	0.07399877621
1028	0.0739588233
1029	0.07392875901
1030	0.07390368629
1031	0.07387033401
1032	0.07382272031
1033	0.07378686746
1034	0.07375333866
1035	0.07369626801
1036	0.0736633617
1037	0.07363600118
1038	0.07359654403
1039	0.07354923244
1040	0.07352590091
1041	0.07348135962
1042	0.07344319745
1043	0.07340799641
1044	0.07337037463
1045	0.07334851529
1046	0.07332472587
1047	0.07328949632
1048	0.0732414155
1049	0.07317022672
1050	0.07313284494
1051	0.07310073143
1052	0.07305618584
1053	0.07302433068
1054	0.07297882609
1055	0.0729492773
1056	0.07292483578
1057	0.07289522899
1058	0.07281661038
1059	0.07279898226
1060	0.07277720428
1061	0.07274340041
1062	0.07271373212
1063	0.07268069529
1064	0.07265585147
1065	0.07261887017
1066	0.07259180364
1067	0.07255412818
1068	0.07252027892
1069	0.07247880334
1070	0.07243738921
1071	0.07241418981
1072	0.07237487401
1073	0.07234475358
1074	0.07231263815
1075	0.07228593033
1076	0.07225907696
1077	0.07222178407
1078	0.07218522383
1079	0.07215570611
1080	0.07213697263
1081	0.07209449661
1082	0.07203937518
1083	0.07201236384
1084	0.07198161618
1085	0.0719539851
1086	0.07190873025
1087	0.07187372085
1088	0.07184967669
1089	0.07182110508
1090	0.07179795839
1091	0.07174368678
1092	0.07170555826
1093	0.0716678296
1094	0.07163333217
1095	0.07158045705
1096	0.07152033081
1097	0.0714989852
1098	0.07147260985
1099	0.07144645042
1100	0.07139575471
1101	0.07136907554
1102	0.07134070582
1103	0.07131144694
1104	0.07127088185
1105	0.0712431038
1106	0.07119683504
1107	0.07117327328
1108	0.07111490865
1109	0.07109152521
1110	0.07107367811
1111	0.07102449585
1112	0.07098973723
1113	0.07094994727
1114	0.07092531322
1115	0.07089805831
1116	0.07086486292
1117	0.07083581503
1118	0.07077128468
1119	0.07071962023
1120	0.07068598182
1121	0.07064463437
1122	0.07062661226
1123	0.07059111518
1124	0.07056290933
1125	0.07052989861
1126	0.07049974081
1127	0.07046621062
1128	0.07042423576
1129	0.07039279632
1130	0.07037469144
1131	0.07030911688
1132	0.07028935655
1133	0.07027131178
1134	0.07025209142
1135	0.07022424709
1136	0.07017792031
1137	0.07015366032
1138	0.07012081441
1139	0.07009863417
1140	0.07007176897
1141	0.07004495107
1142	0.0700119095
1143	0.0699686825
1144	0.06993697975
1145	0.0698863531
1146	0.06984611216
1147	0.06982446349
1148	0.06979715101
1149	0.06976161021
1150	0.06972971807
1151	0.06969883863
1152	0.06964995657
1153	0.06961098582
1154	0.0695939956
1155	0.06957817744
1156	0.06956159398
1157	0.06955008604
1158	0.06950190021
1159	0.06947895165
1160	0.06945554691
1161	0.06942064255
1162	0.06938330958
1163	0.06933060075
1164	0.0692782263
1165	0.06925322338
1166	0.06921467474
1167	0.06919234612
1168	0.06916521628
1169	0.06914028558
1170	0.06911773554
1171	0.06909620751
1172	0.06907094083
1173	0.06904594622
1174	0.06901090464
1175	0.06898066194
1176	0.06894987834
1177	0.06891516471
1178	0.06888964455
1179	0.06885960334
1180	0.06879981153
1181	0.06877544027
1182	0.06875048097
1183	0.06871403603
1184	0.06869388198
1185	0.06867837697
1186	0.06864725936
1187	0.06861331833
1188	0.06856380083
1189	0.06854317251
1190	0.06851656081
1191	0.06849112727
1192	0.06846022151
1193	0.06844703265
1194	0.06842110585
1195	0.068392688
1196	0.06835214867
1197	0.0683191871
1198	0.06829364418
1199	0.06825172448
1200	0.06821562796
1201	0.06819319215
1202	0.06816681646
1203	0.06812366527
1204	0.06809261634
1205	0.06806840668
1206	0.06804518106
1207	0.06802420807
1208	0.06797079751
1209	0.06794474038
1210	0.06789409031
1211	0.06787185702
1212	0.0678344768
1213	0.06781658253
1214	0.06778862274
1215	0.067758643
1216	0.06773643047
1217	0.06771650401
1218	0.0676796513
1219	0.06766963791
1220	0.0676406822
1221	0.06760333136
1222	0.06757298653
1223	0.06754695217
1224	0.06752322316
1225	0.0674918214
1226	0.06745515673
1227	0.06740996387
1228	0.06738525947
1229	0.06735881089
1230	0.0673118211
1231	0.0672939837
1232	0.06725927898
1233	0.06723928526
1234	0.06721533376
1235	0.0671890983
1236	0.06716675623
1237	0.06713246839
1238	0.06709949581
1239	0.06705388758
1240	0.06703099284
1241	0.06698839388
1242	0.06697683832
1243	0.06694901067
1244	0.06691362733
1245	0.06687758088
1246	0.0668518209
1247	0.06682702014
1248	0.06680660915
1249	0.0667785174
1250	0.06674759806
1251	0.06670455992
1252	0.06666254647
1253	0.06662674087
1254	0.06657768897
1255	0.06655434005
1256	0.06653162636
1257	0.06648935995
1258	0.06646418348
1259	0.06644362668
1260	0.06641912064
1261	0.06639717412
1262	0.06637559912
1263	0.06633972056
1264	0.06631591536
1265	0.06627272412
1266	0.06624332836
1267	0.06622202039
1268	0.06620141167
1269	0.06616661953
1270	0.06614070028
1271	0.06611965381
1272	0.0660703385
1273	0.06604646648
1274	0.06602972851
1275	0.06599972663
1276	0.06596369061
1277	0.06593286955
1278	0.0659089911
1279	0.06589381342
1280	0.06586442069
1281	0.06583995318
1282	0.06581201429
1283	0.06579298267
1284	0.06576611718
1285	0.0657452817
1286	0.06572319978
1287	0.06568344897
1288	0.06565659594
1289	0.06560706236
1290	0.06558900949
1291	0.06556217187
1292	0.06554013374
1293	0.06551877861
1294	0.06549546901
1295	0.06548095989
1296	0.06545163549
1297	0.06542705097
1298	0.06539515125
1299	0.06534633838
1300	0.06532470243
1301	0.06529961938
1302	0.06528111536
1303	0.06526150555
1304	0.06521378743
1305	0.06516047187
1306	0.06513113022
1307	0.06510820258
1308	0.06508785346
1309	0.06505031787
1310	0.06501467397
1311	0.06499188561
1312	0.06496201081
1313	0.06493297229
1314	0.06489497877
1315	0.06485752773
1316	0.06482814536
1317	0.06480593781
1318	0.06479024508
1319	0.06475242784
1320	0.06473302483
1321	0.06470788557
1322	0.06468529328
1323	0.0646438373
1324	0.06461670888
1325	0.0645959592
1326	0.0645743363
1327	0.06454749125
1328	0.06452540928
1329	0.06450150425
1330	0.06448159794
1331	0.06445788317
1332	0.06443677068
1333	0.06441626692
1334	0.06439128413
1335	0.06437053269
1336	0.0643532808
1337	0.06433352292
1338	0.064310721
1339	0.06429275166
1340	0.06426328122
1341	0.06424272204
1342	0.06422398815
1343	0.06420194835
1344	0.06418625307
1345	0.06415376948
1346	0.06412449559
1347	0.06409924662
1348	0.06407456188
1349	0.06403649034
1350	0.06402120396
1351	0.06400620613
1352	0.0639880994
1353	0.06396108298
1354	0.06395233355
1355	0.06393692943
1356	0.06391817981
1357	0.06389343744
1358	0.06387019832
1359	0.06382619801
1360	0.06380771545
1361	0.06378824364
1362	0.06376105156
1363	0.06373507967
1364	0.0637093227
1365	0.06368024431
1366	0.06366149324
1367	0.06363703721
1368	0.06360928639
1369	0.06358951451
1370	0.06354936658
1371	0.06351263283
1372	0.06348423175
1373	0.0634631153
1374	0.06344865822
1375	0.06343126915
1376	0.06341406126
1377	0.06339429561
1378	0.06337821018
1379	0.06336168301
1380	0.06334958789
1381	0.06332943639
1382	0.06330699227
1383	0.06327176826
1384	0.06323064049
1385	0.06321501186
1386	0.0631746967
1387	0.06313550769
1388	0.06310897132
1389	0.06307300704
1390	0.06303737808
1391	0.06302247741
1392	0.06300566565
1393	0.06298480765
1394	0.0629628674
1395	0.06294547951
1396	0.0629238736
1397	0.06290165943
1398	0.06288793245
1399	0.06286338379
1400	0.06284199623
1401	0.06281070145
1402	0.06279517443
1403	0.06276572499
1404	0.06272823487
1405	0.06271268578
1406	0.0626856564
1407	0.06266249878
1408	0.06263577627
1409	0.06261663145
1410	0.06258703754
1411	0.06256991799
1412	0.06255312635
1413	0.06253666658
1414	0.06251588024
1415	0.06249065368
1416	0.06247201763
1417	0.06243786162
1418	0.06241172578
1419	0.06238197874
1420	0.06233834283
1421	0.06232675989
1422	0.06231285249
1423	0.06227217094
1424	0.06225389635
1425	0.06224362509
1426	0.0622138459
1427	0.06219966723
1428	0.06216004532
1429	0.0621317315
1430	0.06211593304
1431	0.06209915835
1432	0.06208726834
1433	0.06206741707
1434	0.06204030662
1435	0.06202109765
1436	0.06199868132
1437	0.06198284143
1438	0.06195161462
1439	0.0619198532
1440	0.06188781447
1441	0.06186913297
1442	0.06184218703
1443	0.06182804317
1444	0.06181540986
1445	0.06179701657
1446	0.06178156156
1447	0.06176522778
1448	0.06174656092
1449	0.06173055172
1450	0.06171643834
1451	0.06169338558
1452	0.06166935682
1453	0.06164141821
1454	0.06161387118
1455	0.06159900667
1456	0.06158802543
1457	0.06157487642
1458	0.06154055637
1459	0.06152058319
1460	0.06149879863
1461	0.06148113995
1462	0.06145166444
1463	0.06143608427
1464	0.06141929141
1465	0.06140928533
1466	0.06138491613
1467	0.06137278167
1468	0.06135434156
1469	0.06132574277
1470	0.06128778018
1471	0.06126936683
1472	0.06124423635
1473	0.06122565979
1474	0.06120946297
1475	0.06119017498
1476	0.0611713208
1477	0.06114767771
1478	0.06112510449
1479	0.06110655228
1480	0.06108771261
1481	0.06106254511
1482	0.06104030329
1483	0.06102671314
1484	0.06099146195
1485	0.06097146105
1486	0.06094319076
1487	0.06092881292
1488	0.06090132232
1489	0.06087153313
1490	0.06085561023
1491	0.06082161983
1492	0.06079888607
1493	0.06078438194
1494	0.06074988019
1495	0.06073132933
1496	0.06070153886
1497	0.06068942522
1498	0.06066424216
1499	0.06064590429
1500	0.06062319375
1501	0.06059986884
1502	0.06058313127
1503	0.06054534344
1504	0.0605257603
1505	0.06050879417
1506	0.06049329138
1507	0.06046487554
1508	0.06044279273
1509	0.06042429078
1510	0.06040592117
1511	0.06038923666
1512	0.06035605693
1513	0.06033991924
1514	0.06032189532
1515	0.06030187386
1516	0.06028209357
1517	0.06026096065
1518	0.0602368771
1519	0.06021412457
1520	0.0601990076
1521	0.06018347308
1522	0.06014969622
1523	0.06012583096
1524	0.06010615995
1525	0.06007680331
1526	0.06006245279
1527	0.06003149905
1528	0.06001751875
1529	0.06000523288
1530	0.05999527265
1531	0.05997631764
1532	0.05995466304
1533	0.05993292852
1534	0.05989773802
1535	0.05987243487
1536	0.05985368871
1537	0.05983877688
1538	0.05982776105
1539	0.05981241944
1540	0.05976128376
1541	0.05974882828
1542	0.05973448327
1543	0.05971229338
1544	0.05968769653
1545	0.05966937651
1546	0.05965106282
1547	0.05963206909
1548	0.05961429566
1549	0.05959750071
1550	0.05957052421
1551	0.05955999026
1552	0.05953427712
1553	0.05951133175
1554	0.05948985739
1555	0.05946849423
1556	0.05944224701
1557	0.05942185715
1558	0.05940433046
1559	0.05937909478
1560	0.05935159212
1561	0.05933191664
1562	0.05931269547
1563	0.05928467306
1564	0.05926584279
1565	0.05924689017
1566	0.05922814536
1567	0.05920678409
1568	0.05919125486
1569	0.05917531869
1570	0.05915953136
1571	0.05913741159
1572	0.05911798768
1573	0.05910333033
1574	0.0590898228
1575	0.05907334699
1576	0.05904798912
1577	0.05903123166
1578	0.05899764438
1579	0.05896665808
1580	0.05894416738
1581	0.05892535536
1582	0.05890169428
1583	0.05887903585
1584	0.05886152574
1585	0.05883224377
1586	0.05881451588
1587	0.0587925531
1588	0.0587747088
1589	0.05875885447
1590	0.05872834339
1591	0.05871394341
1592	0.05870036929
1593	0.05868457756
1594	0.05866357194
1595	0.05864406011
1596	0.05862721421
1597	0.05861109296
1598	0.05859182953
1599	0.05856341838
1600	0.05855341298
1601	0.05854211393
1602	0.05852660494
1603	0.05849903078
1604	0.0584795085
1605	0.05843936893
1606	0.05840188881
1607	0.05838129157
1608	0.05836556094
1609	0.05833891517
1610	0.05832521185
1611	0.05831172773
1612	0.05830097847
1613	0.05828676692
1614	0.05825253576
1615	0.05823429446
1616	0.05819894545
1617	0.05817252574
1618	0.05815378014
1619	0.05813083142
1620	0.05811144719
1621	0.05810037359
1622	0.05808928933
1623	0.05807804622
1624	0.05805898262
1625	0.05804336693
1626	0.05803412959
1627	0.0580192032
1628	0.05800567826
1629	0.05799263528
1630	0.05797256411
1631	0.05795507108
1632	0.0579353227
1633	0.05791795431
1634	0.05789741042
1635	0.05788181324
1636	0.05785634683
1637	0.05784609469
1638	0.05783143935
1639	0.05781147432
1640	0.05779570142
1641	0.05777750652
1642	0.05776749277
1643	0.05775529651
1644	0.05772893401
1645	0.05771157974
1646	0.05768604471
1647	0.05766318557
1648	0.05762703636
1649	0.05761353233
1650	0.05760524231
1651	0.05759526532
1652	0.05756791095
1653	0.05755563796
1654	0.05752798978
1655	0.05751317031
1656	0.0574828541
1657	0.05747127068
1658	0.05745590619
1659	0.05744064952
1660	0.05741879268
1661	0.05740763544
1662	0.057395268
1663	0.05737920834
1664	0.05735706093
1665	0.05734089878
1666	0.05732548148
1667	0.05731382546
1668	0.05729037511
1669	0.05727001217
1670	0.05725611262
1671	0.05724937645
1672	0.05723040786
1673	0.05721832647
1674	0.05718550614
1675	0.05716347899
1676	0.05713856622
1677	0.0571194652
1678	0.05709024543
1679	0.05708262769
1680	0.05706090447
1681	0.05703819651
1682	0.05702457087
1683	0.05699974844
1684	0.05697071187
1685	0.05696008194
1686	0.05693904381
1687	0.05692969396
1688	0.0568964461
1689	0.05688201449
1690	0.0568633651
1691	0.05683498141
1692	0.05682666335
1693	0.05681008786
1694	0.05679391015
1695	0.05677083074
1696	0.05673292603
1697	0.05670103122
1698	0.05668432094
1699	0.0566631788
1700	0.05664724305
1701	0.05663211994
1702	0.05661070245
1703	0.05657440468
1704	0.0565428482
1705	0.05652620709
1706	0.05650554785
1707	0.05648020316
1708	0.05645979458
1709	0.05644105423
1710	0.05642869849
1711	0.05640572062
1712	0.05637428035
1713	0.05635621462
1714	0.05634153944
1715	0.05632675944
1716	0.0563158991
1717	0.05630321966
1718	0.05629138842
1719	0.05626433448
1720	0.05624591877
1721	0.0562293299
1722	0.05622080178
1723	0.05619991136
1724	0.05618379135
1725	0.05617331074
1726	0.05614539884
1727	0.05613232473
1728	0.05611318925
1729	0.05609391967
1730	0.05608562654
1731	0.05606857424
1732	0.05605442685
1733	0.0560278083
1734	0.05600450526
1735	0.05598315828
1736	0.05594800112
1737	0.05593611865
1738	0.05592039299
1739	0.05590896474
1740	0.05589048776
1741	0.05586947655
1742	0.05584667728
1743	0.05583241998
1744	0.05581509924
1745	0.05580173353
1746	0.05579352863
1747	0.055780416
1748	0.05576966586
1749	0.05574399959
1750	0.05572091813
1751	0.05570631385
1752	0.05568641212
1753	0.05567185814
1754	0.05565579447
1755	0.05562240921
1756	0.05560774737
1757	0.05558865814
1758	0.05557679986
1759	0.05555451393
1760	0.05553876338
1761	0.05552137666
1762	0.0554976724
1763	0.05548516584
1764	0.05546816138
1765	0.05544748818
1766	0.05543679337
1767	0.05541265131
1768	0.05539543907
1769	0.05538150452
1770	0.05536717119
1771	0.05535105317
1772	0.0553291348
1773	0.05531659268
1774	0.05530137969
1775	0.05527094726
1776	0.05524753232
1777	0.05524121059
1778	0.05522562267
1779	0.05521272669
1780	0.05519305583
1781	0.05518020535
1782	0.05516299198
1783	0.0551483714
1784	0.05512467012
1785	0.05511404588
1786	0.05510150156
1787	0.05509089334
1788	0.05507425183
1789	0.05505952372
1790	0.05504554618
1791	0.05502738002
1792	0.0550106698
1793	0.05499223542
1794	0.05497680783
1795	0.05496557915
1796	0.05494890618
1797	0.05493621724
1798	0.05491986523
1799	0.05490641896
1800	0.05489238132
1801	0.05487102423
1802	0.05484404781
1803	0.05482885522
1804	0.05480651092
1805	0.05479453034
1806	0.05478566377
1807	0.05476946256
1808	0.05474983232
1809	0.05473789278
1810	0.05471415174
1811	0.05470408281
1812	0.05468305331
1813	0.05467005426
1814	0.05464755992
1815	0.05461328862
1816	0.0545968564
1817	0.05457228003
1818	0.05455798444
1819	0.05453998725
1820	0.05452982058
1821	0.0545125344
1822	0.05449620239
1823	0.05448268166
1824	0.05446536618
1825	0.0544510003
1826	0.05442346254
1827	0.05441157735
1828	0.05439873347
1829	0.0543918453
1830	0.05438428964
1831	0.05437616356
1832	0.05435533013
1833	0.05434468339
1834	0.05432459065
1835	0.05430599529
1836	0.05428271054
1837	0.05427388939
1838	0.05426210608
1839	0.05423411056
1840	0.0542195829
1841	0.05420327033
1842	0.05418255383
1843	0.05416512498
1844	0.054156027
1845	0.05413893279
1846	0.05412549352
1847	0.05411148471
1848	0.0541036637
1849	0.05408855042
1850	0.054082503
1851	0.05407058031
1852	0.05405003525
1853	0.05403301905
1854	0.05400064221
1855	0.05398846043
1856	0.05397021803
1857	0.05395188498
1858	0.05393982148
1859	0.05391073305
1860	0.05390471024
1861	0.05388230689
1862	0.05387222308
1863	0.05384210987
1864	0.05382371603
1865	0.05381468721
1866	0.0537881917
1867	0.05377158372
1868	0.05375728442
1869	0.05374389444
1870	0.05373092353
1871	0.05371099265
1872	0.05369095513
1873	0.05366479034
1874	0.05364170792
1875	0.053624845
1876	0.05360321649
1877	0.05358714827
1878	0.05357154597
1879	0.05355680607
1880	0.05354013443
1881	0.0535239286
1882	0.05350394828
1883	0.05348552078
1884	0.05346900986
1885	0.05345709366
1886	0.05344315322
1887	0.05342151536
1888	0.05340732813
1889	0.0533817826
1890	0.05336730348
1891	0.05335110353
1892	0.05333197369
1893	0.05331733005
1894	0.05330079387
1895	0.05328128475
1896	0.05326830518
1897	0.05324377351
1898	0.05322551479
1899	0.0532036969
1900	0.05318736304
1901	0.05317610597
1902	0.05315020237
1903	0.05312426223
1904	0.05310523094
1905	0.05309404107
1906	0.05307407687
1907	0.05306217317
1908	0.05304290383
1909	0.05303204488
1910	0.05301514519
1911	0.05299699509
1912	0.05298141013
1913	0.05296835405
1914	0.05294987848
1915	0.05294030835
1916	0.05292314211
1917	0.05290934835
1918	0.05289223328
1919	0.05287064992
1920	0.05285808947
1921	0.05284725856
1922	0.05282435856
1923	0.05281183696
1924	0.05280130648
1925	0.05278189513
1926	0.05276595081
1927	0.05275521867
1928	0.05274356705
1929	0.05271916989
1930	0.05270928056
1931	0.05269508982
1932	0.0526792514
1933	0.05266771135
1934	0.0526472913
1935	0.05262901016
1936	0.05261385953
1937	0.05259437958
1938	0.05258189374
1939	0.05257002113
1940	0.05255248546
1941	0.05254411256
1942	0.05252965242
1943	0.05251526129
1944	0.05249704862
1945	0.05247720873
1946	0.05245741763
1947	0.05243324767
1948	0.05241700201
1949	0.05240330636
1950	0.05238710253
1951	0.05237505783
1952	0.05236725186
1953	0.05235392894
1954	0.052329009
1955	0.05230808858
1956	0.05229558182
1957	0.05228066883
1958	0.0522644767
1959	0.05225150919
1960	0.05223759598
1961	0.05221252721
1962	0.05218383445
1963	0.05216135729
1964	0.05214652729
1965	0.05213388215
1966	0.05212279927
1967	0.05211213858
1968	0.05210233523
1969	0.05208749042
1970	0.05207248409
1971	0.05206139131
1972	0.0520463107
1973	0.05203814486
1974	0.05202782817
1975	0.05201780477
1976	0.05201091836
1977	0.05200258303
1978	0.05199339932
1979	0.0519768521
1980	0.05196191891
1981	0.05194778093
1982	0.05193098959
1983	0.05192248887
1984	0.05191151472
1985	0.05190016437
1986	0.05188725353
1987	0.05187597828
1988	0.0518626849
1989	0.05184379983
1990	0.05183562959
1991	0.05181475945
1992	0.05180384846
1993	0.05179419581
1994	0.05178333874
1995	0.05176877351
1996	0.05174784327
1997	0.05174279241
1998	0.05173614477
1999	0.05172193058
=======
0	9.03292028
1	8.269976287
2	7.585266783
3	6.976213856
4	6.423815363
5	5.935615286
6	5.49053848
7	5.088087215
8	4.726717768
9	4.412523244
10	4.123901575
11	3.874218005
12	3.63890185
13	3.436249705
14	3.257040894
15	3.094603088
16	2.945083987
17	2.811952421
18	2.695399109
19	2.593297614
20	2.498400639
21	2.412514594
22	2.337350648
23	2.269930584
24	2.209529482
25	2.153806987
26	2.105373161
27	2.062875111
28	2.022610244
29	1.989156981
30	1.954785115
31	1.92713626
32	1.900781433
33	1.874563764
34	1.846872178
35	1.825431785
36	1.804978717
37	1.783421509
38	1.765174757
39	1.748473374
40	1.730577913
41	1.716083047
42	1.703233241
43	1.68979755
44	1.676484363
45	1.665056691
46	1.648867334
47	1.636393765
48	1.625564657
49	1.615578411
50	1.601069025
51	1.591379371
52	1.582412042
53	1.571977935
54	1.562712551
55	1.551749002
56	1.543200406
57	1.534036546
58	1.527055204
59	1.520702184
60	1.514499046
61	1.508940984
62	1.501198119
63	1.495044149
64	1.488944439
65	1.481468083
66	1.475338362
67	1.468207483
68	1.463088844
69	1.456423652
70	1.451376159
71	1.446121665
72	1.440508829
73	1.434415032
74	1.426577303
75	1.421825256
76	1.417454414
77	1.412655913
78	1.408901521
79	1.40374808
80	1.399423217
81	1.393934813
82	1.386965039
83	1.382224739
84	1.377489345
85	1.372242695
86	1.36603259
87	1.361674549
88	1.356145077
89	1.351601851
90	1.345980693
91	1.34075904
92	1.337786401
93	1.333154876
94	1.328643553
95	1.324365098
96	1.321333233
97	1.317185379
98	1.313590692
99	1.309802464
100	1.30638253
101	1.3015625
102	1.296815141
103	1.293298093
104	1.289578684
105	1.285516103
106	1.281964214
107	1.278232443
108	1.275009492
109	1.271300238
110	1.268627906
111	1.264958982
112	1.261596258
113	1.258620693
114	1.254842696
115	1.252276115
116	1.249469694
117	1.245609012
118	1.242552016
119	1.23865691
120	1.236082069
121	1.232913792
122	1.229986738
123	1.226843255
124	1.223661579
125	1.22098601
126	1.218449457
127	1.215871712
128	1.213460861
129	1.210410157
130	1.208463767
131	1.20571454
132	1.203805069
133	1.200211203
134	1.197239461
135	1.195154336
136	1.190820306
137	1.187346556
138	1.184659978
139	1.182021281
140	1.179232216
141	1.176541572
142	1.174038692
143	1.171293164
144	1.169391171
145	1.166281754
146	1.16266783
147	1.159781564
148	1.157448151
149	1.15435897
150	1.152038116
151	1.149522265
152	1.146895871
153	1.144793925
154	1.141958489
155	1.140166869
156	1.1383114
157	1.135456389
158	1.132395783
159	1.129446728
160	1.127364726
161	1.124673377
162	1.122540969
163	1.119316993
164	1.117273914
165	1.115238618
166	1.113551697
167	1.11058619
168	1.108776626
169	1.10581205
170	1.102865929
171	1.100051979
172	1.098437535
173	1.096154158
174	1.093696214
175	1.091128063
176	1.088430801
177	1.086421271
178	1.083997198
179	1.081476409
180	1.079997873
181	1.077452103
182	1.075679873
183	1.073648485
184	1.072059898
185	1.069618395
186	1.067191841
187	1.065393634
188	1.063568224
189	1.061356751
190	1.060137885
191	1.058153042
192	1.05545987
193	1.053025767
194	1.051146297
195	1.049668262
196	1.047623366
197	1.04557523
198	1.043377572
199	1.042145951
200	1.04042044
201	1.038790242
202	1.03701279
203	1.035004473
204	1.032499559
205	1.030737587
206	1.029139111
207	1.027592708
208	1.026093954
209	1.024382433
210	1.022343511
211	1.020674904
212	1.018677209
213	1.01741553
214	1.015632098
215	1.013995935
216	1.012909168
217	1.011287015
218	1.009678205
219	1.008361186
220	1.006964851
221	1.005029954
222	1.00301752
223	1.001053381
224	0.9995732394
225	0.9980317896
226	0.99655453
227	0.9952179575
228	0.9936921024
229	0.9925833288
230	0.9911779982
231	0.989868072
232	0.9883663861
233	0.9865191763
234	0.9842976146
235	0.9826717445
236	0.9809934338
237	0.9796322105
238	0.9781349735
239	0.9771217063
240	0.9754647329
241	0.9744191934
242	0.9728686437
243	0.9716954309
244	0.9702501524
245	0.9680747113
246	0.9667559443
247	0.9651053288
248	0.9638901057
249	0.9629910398
250	0.9619437165
251	0.9602398127
252	0.9592982657
253	0.9579240355
254	0.9567914732
255	0.9558414198
256	0.9545492522
257	0.9534137594
258	0.9521960694
259	0.9506948295
260	0.9492028262
261	0.9477143659
262	0.9459235462
263	0.9442148621
264	0.9434804653
265	0.9423277638
266	0.9409308373
267	0.9395582491
268	0.9380837772
269	0.9367951273
270	0.9355069386
271	0.93427343
272	0.9332379885
273	0.9320668844
274	0.9305094231
275	0.9291888826
276	0.9282187882
277	0.927385599
278	0.9264671619
279	0.9248568023
280	0.9238062592
281	0.9225295086
282	0.9212281227
283	0.9200224541
284	0.9191959999
285	0.91755093
286	0.9155706481
287	0.914558906
288	0.913396789
289	0.9122068861
290	0.9109871653
291	0.9100145713
292	0.9090286982
293	0.9067975891
294	0.9060691743
295	0.9050341945
296	0.9038849797
297	0.9028811482
298	0.9016678842
299	0.9007180863
300	0.8994842431
301	0.8981271998
302	0.8972441681
303	0.8960404166
304	0.8948854895
305	0.8936133144
306	0.8912537812
307	0.8901942264
308	0.889212198
309	0.8879350502
310	0.8870131391
311	0.886123451
312	0.8853262569
313	0.8841699076
314	0.8832858704
315	0.8818646652
316	0.8808345828
317	0.8799084539
318	0.8789215629
319	0.8777817733
320	0.8769592062
321	0.8759350174
322	0.8748090674
323	0.8734235175
324	0.8727671203
325	0.8719014221
326	0.8708379957
327	0.8700333602
328	0.8690535828
329	0.8679323562
330	0.8664824144
331	0.8657210266
332	0.8646205331
333	0.8634228873
334	0.8623623995
335	0.8613864177
336	0.8604091218
337	0.8598697179
338	0.8589549778
339	0.8580251143
340	0.8570219452
341	0.8561706207
342	0.8552337005
343	0.8542741104
344	0.8535756698
345	0.8522152027
346	0.8512112134
347	0.8505456812
348	0.8495994797
349	0.848895057
350	0.8481338298
351	0.847660827
352	0.8466088573
353	0.8457926638
354	0.8448234313
355	0.843839655
356	0.8425421496
357	0.8416611439
358	0.8407726083
359	0.8400442507
360	0.8393882333
361	0.8385918875
362	0.8377377018
363	0.8371092269
364	0.8359463326
365	0.8353629428
366	0.8345397878
367	0.8339253812
368	0.8329665266
369	0.8322303878
370	0.8311545626
371	0.8306174894
372	0.8299661927
373	0.8295905794
374	0.8285487774
375	0.8277165063
376	0.8269873255
377	0.8261230528
378	0.8252876656
379	0.8246411698
380	0.8239885743
381	0.8232480204
382	0.8227214129
383	0.8220212216
384	0.8209739579
385	0.819477492
386	0.8187720197
387	0.8178514206
388	0.8169234545
389	0.8160094347
390	0.815369678
391	0.8148586971
392	0.8137563404
393	0.8129675249
394	0.8120799771
395	0.8112249723
396	0.8103465123
397	0.8095386394
398	0.808927412
399	0.8082541993
400	0.8076460112
401	0.8057325018
402	0.8042492117
403	0.8033105182
404	0.8026096092
405	0.8017400878
406	0.801025812
407	0.8002295666
408	0.799683161
409	0.7988017608
410	0.7978404238
411	0.796974822
412	0.7963439337
413	0.7957628349
414	0.7948607269
415	0.7942857596
416	0.7931679207
417	0.7924899593
418	0.7916775124
419	0.7911564299
420	0.7904851537
421	0.789944754
422	0.7890091075
423	0.7884438095
424	0.7880460266
425	0.787382851
426	0.7866333046
427	0.7860443081
428	0.7853216811
429	0.7845334153
430	0.7840661549
431	0.7832803628
432	0.7826421631
433	0.7820546202
434	0.781291241
435	0.7806441869
436	0.7799883795
437	0.7795093402
438	0.7786616529
439	0.778101027
440	0.77753898
441	0.7768384898
442	0.7763585757
443	0.7757288685
444	0.7750920108
445	0.7744860766
446	0.7736456247
447	0.7728745073
448	0.7722722087
449	0.7717751246
450	0.7709125367
451	0.7701627511
452	0.7695104392
453	0.7688173738
454	0.7680136808
455	0.7675607533
456	0.7671109588
457	0.7665237821
458	0.7660964232
459	0.765354549
460	0.764733256
461	0.7639946016
462	0.7633416189
463	0.7627864932
464	0.7621576354
465	0.7617259616
466	0.7612923341
467	0.7605614564
468	0.7599447791
469	0.7590605193
470	0.7585397151
471	0.7578292897
472	0.7574940499
473	0.7569330058
474	0.7564024091
475	0.7556833009
476	0.7553118103
477	0.7548086369
478	0.7542380807
479	0.7537910693
480	0.7534264705
481	0.7529439621
482	0.7520392286
483	0.751523906
484	0.7508479555
485	0.7502246703
486	0.7498694273
487	0.7491491352
488	0.7482538654
489	0.7478896299
490	0.7469351785
491	0.7462299477
492	0.7456482748
493	0.7444979524
494	0.7440619774
495	0.743317947
496	0.7428275251
497	0.7421509508
498	0.7414756039
499	0.7408940756
500	0.7403892086
501	0.7398707398
502	0.739528939
503	0.7387645287
504	0.7377644183
505	0.7372146551
506	0.7366924645
507	0.7360499791
508	0.7354680269
509	0.7350980476
510	0.7344611024
511	0.7339684876
512	0.7335415891
513	0.7326652601
514	0.7321959699
515	0.7315893626
516	0.7312027917
517	0.7306032146
518	0.7300553949
519	0.7294671274
520	0.7288835356
521	0.728400748
522	0.7279965
523	0.7274874876
524	0.7271333442
525	0.7264112627
526	0.7257015069
527	0.7253545713
528	0.7250818008
529	0.7245571708
530	0.7240462527
531	0.7236297516
532	0.7231999302
533	0.7226507409
534	0.7221101635
535	0.7216625974
536	0.7209160543
537	0.7206182754
538	0.7202799587
539	0.7200114099
540	0.7196466403
541	0.7190687835
542	0.7186301914
543	0.7181864438
544	0.717572891
545	0.7171285287
546	0.7167183517
547	0.7163443052
548	0.7158392643
549	0.7152962624
550	0.7150065507
551	0.7144346618
552	0.7137961174
553	0.713232556
554	0.7127533399
555	0.712244358
556	0.7117385332
557	0.7112270116
558	0.7107635447
559	0.710306149
560	0.7095685244
561	0.7091281666
562	0.7086637345
563	0.7083150756
564	0.7078206371
565	0.7073317845
566	0.7069468909
567	0.7065141166
568	0.7060227819
569	0.7056090869
570	0.7052719191
571	0.7048449423
572	0.7036895694
573	0.7031671958
574	0.7027739528
575	0.7021885605
576	0.7018798877
577	0.7013235673
578	0.7009254679
579	0.7004088581
580	0.7000323286
581	0.6995606355
582	0.6991475838
583	0.6985610354
584	0.6982542246
585	0.6976635033
586	0.6972345364
587	0.6969286732
588	0.6965809401
589	0.6959207827
590	0.6956121638
591	0.694957775
592	0.6944025113
593	0.6940280994
594	0.6935980554
595	0.6932412986
596	0.6928254345
597	0.6920840557
598	0.6917001055
599	0.6913693567
600	0.6910002884
601	0.6906304315
602	0.690084501
603	0.6894891426
604	0.6891165176
605	0.6887528603
606	0.6883997352
607	0.688071544
608	0.6876390157
609	0.6869882682
610	0.6863645729
611	0.6857552953
612	0.6853439069
613	0.6847669149
614	0.6843392754
615	0.6840025558
616	0.6837366648
617	0.6832385231
618	0.6828843981
619	0.6823606504
620	0.6820709799
621	0.6817617423
622	0.6811900206
623	0.6807037155
624	0.6802978952
625	0.6799215299
626	0.6796202516
627	0.678968262
628	0.6787020428
629	0.6783150727
630	0.6780068968
631	0.6774318745
632	0.6771430414
633	0.67686067
634	0.6763196387
635	0.6759423046
636	0.675037791
637	0.67460845
638	0.6743315497
639	0.6739794993
640	0.6737185771
641	0.6732922557
642	0.6728615962
643	0.6724776592
644	0.6721060968
645	0.6717595468
646	0.6713892368
647	0.6710148525
648	0.6706582769
649	0.6703141164
650	0.6699638174
651	0.669441359
652	0.6692081544
653	0.6687892284
654	0.6682949164
655	0.6679142241
656	0.6675699049
657	0.6671663225
658	0.6667502559
659	0.6663776454
660	0.6659004162
661	0.6655005685
662	0.6651522823
663	0.6646788518
664	0.6644195569
665	0.6639545308
666	0.6627374597
667	0.6624328133
668	0.6621376074
669	0.6618756744
670	0.6615375008
671	0.6612082595
672	0.6606933516
673	0.6603701349
674	0.6598762432
675	0.6594840193
676	0.6591374482
677	0.6587173639
678	0.6582094447
679	0.6578408276
680	0.6575163251
681	0.657242831
682	0.6568900774
683	0.6566546719
684	0.6564519006
685	0.6559986973
686	0.6555620112
687	0.6552141015
688	0.6548514511
689	0.6545472255
690	0.654055702
691	0.653454954
692	0.6529894009
693	0.652635581
694	0.6522492204
695	0.6519309018
696	0.6516999441
697	0.6514449036
698	0.6511392898
699	0.6508187754
700	0.6504503249
701	0.6501053626
702	0.6497423951
703	0.6493725025
704	0.6490968452
705	0.6486766759
706	0.6479423967
707	0.6475826958
708	0.6473500665
709	0.6470699321
710	0.6465741503
711	0.6462724019
712	0.6459568695
713	0.6456356085
714	0.6453617098
715	0.6450115082
716	0.6446298945
717	0.644186818
718	0.6438842981
719	0.6436506575
720	0.6432620036
721	0.6428738303
722	0.642595203
723	0.6420674444
724	0.6417915962
725	0.6415070249
726	0.641249739
727	0.6406733591
728	0.6402293103
729	0.6399330825
730	0.6396385878
731	0.6393701516
732	0.6389576419
733	0.6386707542
734	0.6381612988
735	0.6379421952
736	0.6376052422
737	0.6372567601
738	0.6369645804
739	0.6365852785
740	0.63627962
741	0.6360204144
742	0.6356561949
743	0.6353090544
744	0.6349039079
745	0.6345529747
746	0.6341904792
747	0.633884428
748	0.6333029815
749	0.6329933536
750	0.6325592549
751	0.6322436653
752	0.6320179488
753	0.6315608212
754	0.6311734432
755	0.6309258436
756	0.6306727144
757	0.6301491527
758	0.6299140429
759	0.6293834563
760	0.6289454323
761	0.6286964243
762	0.6283532931
763	0.6280128083
764	0.6273292412
765	0.6269909474
766	0.6265360216
767	0.6262950744
768	0.6259385153
769	0.6254215663
770	0.6245129933
771	0.6240703456
772	0.6237569498
773	0.6235242171
774	0.6231874872
775	0.6229273231
776	0.6225119519
777	0.6222234058
778	0.6218999084
779	0.6213648298
780	0.6211226085
781	0.6205973986
782	0.6202944395
783	0.6200864854
784	0.6198337303
785	0.6195880189
786	0.6193643907
787	0.6190250667
788	0.6187506959
789	0.6184658855
790	0.61810264
791	0.6176784851
792	0.6174283026
793	0.6170917548
794	0.6168271163
795	0.6166126878
796	0.6161638107
797	0.6158490841
798	0.6155562334
799	0.6153142874
800	0.6150326392
801	0.6145626491
802	0.614348876
803	0.614061619
804	0.6138244775
805	0.6135165603
806	0.6132380077
807	0.6129546627
808	0.6126819762
809	0.6124058557
810	0.6120933078
811	0.6117190443
812	0.6114418819
813	0.6110338557
814	0.6107020721
815	0.6102871592
816	0.6099295618
817	0.6093396401
818	0.609145776
819	0.6086695295
820	0.6082357474
821	0.6079572578
822	0.6075303337
823	0.6072816703
824	0.6070047614
825	0.6066530773
826	0.6064119778
827	0.6061544684
828	0.6058546205
829	0.6055127788
830	0.6052120829
831	0.604933798
832	0.6046423743
833	0.6044553368
834	0.6041098065
835	0.6038324866
836	0.6034691864
837	0.6031277213
838	0.6029476886
839	0.6025672547
840	0.6022244284
841	0.6020164139
842	0.6017941482
843	0.6014584816
844	0.6011591203
845	0.6008829422
846	0.600700218
847	0.6004551633
848	0.6002490991
849	0.5999179783
850	0.5996156132
851	0.5993545606
852	0.5990780797
853	0.5987723398
854	0.5984628849
855	0.598181896
856	0.597950432
857	0.5978026982
858	0.5975073432
859	0.5972092661
860	0.5969523726
861	0.5966248461
862	0.5964523847
863	0.5961791688
864	0.5959160235
865	0.5956403689
866	0.5953356931
867	0.5951773917
868	0.5949597201
869	0.5946161183
870	0.5943482792
871	0.5941476281
872	0.5938975641
873	0.5933451871
874	0.5930357476
875	0.5928249904
876	0.5925822331
877	0.5923507215
878	0.5921065856
879	0.591875433
880	0.5914789492
881	0.5912511229
882	0.5910136304
883	0.5908287517
884	0.5906074303
885	0.5903817025
886	0.5901754155
887	0.589798751
888	0.5896338822
889	0.5893767058
890	0.58900011
891	0.5887842184
892	0.588548537
893	0.5882771296
894	0.5880290819
895	0.5878013594
896	0.5875577831
897	0.587330796
898	0.586936446
899	0.5867207711
900	0.5865933392
901	0.586366283
902	0.5861748565
903	0.5859255604
904	0.5856981817
905	0.5854315877
906	0.5850897106
907	0.5847250883
908	0.5845183664
909	0.5843355854
910	0.5841593408
911	0.5838026022
912	0.5834908416
913	0.5832848269
914	0.5830485241
915	0.5827657253
916	0.5825088824
917	0.5820668335
918	0.5819095968
919	0.5817058984
920	0.5814702026
921	0.5812634486
922	0.5810687376
923	0.5807990629
924	0.5805664654
925	0.580346613
926	0.5799852201
927	0.5798116551
928	0.5794867011
929	0.5792755194
930	0.5790215723
931	0.578748093
932	0.5784805216
933	0.5782501015
934	0.5779961356
935	0.5777073995
936	0.5775204163
937	0.5771963406
938	0.5769470467
939	0.5766450368
940	0.5764132576
941	0.5761705261
942	0.5758431279
943	0.5755813297
944	0.575271839
945	0.5750586119
946	0.5748550401
947	0.5745990648
948	0.5743622943
949	0.574142663
950	0.5739271278
951	0.5736528026
952	0.5734649531
953	0.5732279619
954	0.57303131
955	0.5728045494
956	0.5726167122
957	0.5724466138
958	0.5722071444
959	0.5719251923
960	0.5717002692
961	0.5715191484
962	0.5712618648
963	0.5711040286
964	0.5708296557
965	0.5705890858
966	0.5703139407
967	0.5700887074
968	0.569750603
969	0.5695567408
970	0.5693602389
971	0.5691095554
972	0.5686236296
973	0.5683117685
974	0.568116137
975	0.5678574101
976	0.5675882975
977	0.567267793
978	0.566970945
979	0.5668046347
980	0.5665473345
981	0.56635589
982	0.5661582093
983	0.565932111
984	0.5656749741
985	0.5654490393
986	0.5651996773
987	0.5650148521
988	0.5648549069
989	0.5646315421
990	0.5644574681
991	0.564260466
992	0.5640003073
993	0.563758116
994	0.5634998781
995	0.5633076763
996	0.563055012
997	0.5627865551
998	0.5625223823
999	0.5622213823
>>>>>>> Stashed changes
